<?xml version="1.0" encoding="UTF-8"?><PluginWorkflows>
  <debug>
    <businessRules>
      <rules>
        <dCafRules>
          <Workflow Name="selectorConstructionEnable" Value="changeConfigSetting debugSetting.plugins.hayD-CAF.businessRules.rules.selectorConstruction true"/>
          <Workflow Name="selectorConstructionDisable" Value="changeConfigSetting debugSetting.plugins.hayD-CAF.businessRules.rules.selectorConstruction false"/>
          <Workflow Name="mapSelectorMetaDataToBusinessRuleEnable" Value="changeConfigSetting debugSetting.plugins.hayD-CAF.businessRules.rules.selectorConstruction.mapSelectorMetaDataToBusinessRule true"/>
          <Workflow Name="mapSelectorMetaDataToBusinessRuleDisable" Value="changeConfigSetting debugSetting.plugins.hayD-CAF.businessRules.rules.selectorConstruction.mapSelectorMetaDataToBusinessRule false"/>
        </dCafRules>
      </rules>
    </businessRules>
  </debug>
</PluginWorkflows>